{"cameraMode":{"drawMode":0,"name":"Shaded","section":"Shading Mode"},"sceneLighting":true,"audioPlay":false,"sceneViewState":{"m_AlwaysRefresh":false,"showFog":true,"showSkybox":true,"showFlares":true,"showImageEffects":true,"showParticleSystems":true,"showVisualEffectGraphs":true,"m_FxEnabled":true},"in2DMode":false,"pivot":{"x":4.062781810760498,"y":-3.910025119781494,"z":-12.358437538146973},"rotation":{"x":-0.26122239232063296,"y":0.012159164063632489,"z":-0.003291834844276309,"w":-0.9651979207992554},"size":8.46392822265625,"orthographic":false}