{"cameraMode":{"drawMode":0,"name":"Shaded","section":"Shading Mode"},"sceneLighting":true,"audioPlay":false,"sceneViewState":{"m_AlwaysRefresh":false,"showFog":true,"showSkybox":true,"showFlares":true,"showImageEffects":true,"showParticleSystems":true,"showVisualEffectGraphs":true,"m_FxEnabled":true},"in2DMode":false,"pivot":{"x":-2.6092944145202638,"y":-0.16413211822509767,"z":-5.159337997436523},"rotation":{"x":-0.5075011849403381,"y":0.036684583872556689,"z":-0.021626688539981843,"w":-0.8606122136116028},"size":5.753938674926758,"orthographic":false}