{"cameraMode":{"drawMode":0,"name":"Shaded","section":"Shading Mode"},"sceneLighting":false,"audioPlay":false,"sceneViewState":{"m_AlwaysRefresh":false,"showFog":true,"showSkybox":false,"showFlares":true,"showImageEffects":true,"showParticleSystems":true,"showVisualEffectGraphs":true,"m_FxEnabled":true},"in2DMode":false,"pivot":{"x":331.5921936035156,"y":224.27316284179688,"z":25.212127685546876},"rotation":{"x":-0.05278324335813522,"y":0.008086008951067925,"z":-0.0004274255479685962,"w":-0.9985734820365906},"size":245.67982482910157,"orthographic":false}