{"cameraMode":{"drawMode":0,"name":"Shaded","section":"Shading Mode"},"sceneLighting":false,"audioPlay":false,"sceneViewState":{"m_AlwaysRefresh":false,"showFog":true,"showSkybox":false,"showFlares":true,"showImageEffects":true,"showParticleSystems":true,"showVisualEffectGraphs":true,"m_FxEnabled":true},"in2DMode":false,"pivot":{"x":-0.4214124083518982,"y":0.9177627563476563,"z":-13.542428970336914},"rotation":{"x":0.000848702504299581,"y":0.9987497329711914,"z":-0.04678548872470856,"w":0.018280336633324624},"size":3.2660279273986818,"orthographic":false}