{"cameraMode":{"drawMode":0,"name":"Shaded","section":"Shading Mode"},"sceneLighting":false,"audioPlay":false,"sceneViewState":{"m_AlwaysRefresh":false,"showFog":true,"showSkybox":false,"showFlares":true,"showImageEffects":true,"showParticleSystems":true,"showVisualEffectGraphs":true,"m_FxEnabled":true},"in2DMode":false,"pivot":{"x":303.994873046875,"y":224.07769775390626,"z":-0.1675567626953125},"rotation":{"x":-0.021305842325091363,"y":0.014093726873397828,"z":-0.00030039684497751296,"w":-0.9996746182441711},"size":122.93241119384766,"orthographic":false}